"","county","cases","population","race","gender","age"
"1","adams",0,1492,"o","f","Under.40"
"2","adams",0,365,"o","f","40.59"
"3","adams",1,68,"o","f","60.69"
"4","adams",0,73,"o","f","70+"
"5","adams",0,23351,"w","f","Under.40"
"6","adams",5,12136,"w","f","40.59"
"7","adams",5,3609,"w","f","60.69"
"8","adams",18,5411,"w","f","70+"
"9","adams",0,1697,"o","m","Under.40"
"10","adams",0,387,"o","m","40.59"
"11","adams",0,69,"o","m","60.69"
"12","adams",1,53,"o","m","70+"
"13","adams",0,23602,"w","m","Under.40"
"14","adams",4,11844,"w","m","40.59"
"15","adams",9,3469,"w","m","60.69"
"16","adams",12,3666,"w","m","70+"
"17","allegheny",0,66530,"o","f","Under.40"
"18","allegheny",20,24634,"o","f","40.59"
"19","allegheny",13,6988,"o","f","60.69"
"20","allegheny",32,9107,"o","f","70+"
"21","allegheny",1,256530,"w","f","Under.40"
"22","allegheny",64,157968,"w","f","40.59"
"23","allegheny",102,52580,"w","f","60.69"
"24","allegheny",347,100327,"w","f","70+"
"25","allegheny",1,63452,"o","m","Under.40"
"26","allegheny",26,19796,"o","m","40.59"
"27","allegheny",17,5088,"o","m","60.69"
"28","allegheny",42,5271,"o","m","70+"
"29","allegheny",1,261713,"w","m","Under.40"
"30","allegheny",75,148349,"w","m","40.59"
"31","allegheny",147,42873,"w","m","60.69"
"32","allegheny",387,60460,"w","m","70+"
"33","armstrong",0,360,"o","f","Under.40"
"34","armstrong",0,130,"o","f","40.59"
"35","armstrong",0,44,"o","f","60.69"
"36","armstrong",0,52,"o","f","70+"
"37","armstrong",1,17289,"w","f","Under.40"
"38","armstrong",3,9973,"w","f","40.59"
"39","armstrong",6,3512,"w","f","60.69"
"40","armstrong",11,5828,"w","f","70+"
"41","armstrong",0,395,"o","m","Under.40"
"42","armstrong",0,161,"o","m","40.59"
"43","armstrong",0,32,"o","m","60.69"
"44","armstrong",0,45,"o","m","70+"
"45","armstrong",0,17626,"w","m","Under.40"
"46","armstrong",3,10037,"w","m","40.59"
"47","armstrong",9,2974,"w","m","60.69"
"48","armstrong",16,3934,"w","m","70+"
"49","beaver",0,4374,"o","f","Under.40"
"50","beaver",0,1649,"o","f","40.59"
"51","beaver",0,524,"o","f","60.69"
"52","beaver",1,653,"o","f","70+"
"53","beaver",1,39768,"w","f","Under.40"
"54","beaver",12,24384,"w","f","40.59"
"55","beaver",22,8632,"w","f","60.69"
"56","beaver",43,14568,"w","f","70+"
"57","beaver",0,4168,"o","m","Under.40"
"58","beaver",3,1381,"o","m","40.59"
"59","beaver",3,386,"o","m","60.69"
"60","beaver",1,387,"o","m","70+"
"61","beaver",1,40283,"w","m","Under.40"
"62","beaver",15,23472,"w","m","40.59"
"63","beaver",19,7377,"w","m","60.69"
"64","beaver",51,9406,"w","m","70+"
"65","bedford",0,235,"o","f","Under.40"
"66","bedford",0,91,"o","f","40.59"
"67","bedford",0,19,"o","f","60.69"
"68","bedford",0,27,"o","f","70+"
"69","bedford",1,12197,"w","f","Under.40"
"70","bedford",3,6775,"w","f","40.59"
"71","bedford",3,2534,"w","f","60.69"
"72","bedford",6,3475,"w","f","70+"
"73","bedford",0,243,"o","m","Under.40"
"74","bedford",0,69,"o","m","40.59"
"75","bedford",0,28,"o","m","60.69"
"76","bedford",0,19,"o","m","70+"
"77","bedford",1,12698,"w","m","Under.40"
"78","bedford",3,6857,"w","m","40.59"
"79","bedford",6,2292,"w","m","60.69"
"80","bedford",14,2425,"w","m","70+"
"81","berks",0,16221,"o","f","Under.40"
"82","berks",2,3921,"o","f","40.59"
"83","berks",0,822,"o","f","60.69"
"84","berks",2,723,"o","f","70+"
"85","berks",0,83778,"w","f","Under.40"
"86","berks",20,46160,"w","f","40.59"
"87","berks",33,14646,"w","f","60.69"
"88","berks",74,24411,"w","f","70+"
"89","berks",0,17246,"o","m","Under.40"
"90","berks",3,3990,"o","m","40.59"
"91","berks",1,737,"o","m","60.69"
"92","berks",1,518,"o","m","70+"
"93","berks",0,85500,"w","m","Under.40"
"94","berks",39,45766,"w","m","40.59"
"95","berks",41,13139,"w","m","60.69"
"96","berks",92,16060,"w","m","70+"
"97","blair",0,993,"o","f","Under.40"
"98","blair",0,276,"o","f","40.59"
"99","blair",0,77,"o","f","60.69"
"100","blair",1,106,"o","f","70+"
"101","blair",1,31469,"w","f","Under.40"
"102","blair",7,17737,"w","f","40.59"
"103","blair",11,6020,"w","f","60.69"
"104","blair",35,10549,"w","f","70+"
"105","blair",0,1105,"o","m","Under.40"
"106","blair",3,409,"o","m","40.59"
"107","blair",0,68,"o","m","60.69"
"108","blair",2,51,"o","m","70+"
"109","blair",0,32028,"w","m","Under.40"
"110","blair",12,16912,"w","m","40.59"
"111","blair",15,5065,"w","m","60.69"
"112","blair",40,6279,"w","m","70+"
"113","bradford",0,436,"o","f","Under.40"
"114","bradford",0,150,"o","f","40.59"
"115","bradford",0,31,"o","f","60.69"
"116","bradford",0,30,"o","f","70+"
"117","bradford",1,15677,"w","f","Under.40"
"118","bradford",3,8637,"w","f","40.59"
"119","bradford",6,2902,"w","f","60.69"
"120","bradford",9,4305,"w","f","70+"
"121","bradford",0,443,"o","m","Under.40"
"122","bradford",0,140,"o","m","40.59"
"123","bradford",0,33,"o","m","60.69"
"124","bradford",0,27,"o","m","70+"
"125","bradford",1,15904,"w","m","Under.40"
"126","bradford",8,8497,"w","m","40.59"
"127","bradford",14,2677,"w","m","60.69"
"128","bradford",17,2872,"w","m","70+"
"129","bucks",0,15379,"o","f","Under.40"
"130","bucks",2,5394,"o","f","40.59"
"131","bucks",1,1101,"o","f","60.69"
"132","bucks",5,920,"o","f","70+"
"133","bucks",3,144843,"w","f","Under.40"
"134","bucks",44,83499,"w","f","40.59"
"135","bucks",53,21852,"w","f","60.69"
"136","bucks",131,31465,"w","f","70+"
"137","bucks",0,15355,"o","m","Under.40"
"138","bucks",1,5229,"o","m","40.59"
"139","bucks",3,1031,"o","m","60.69"
"140","bucks",6,638,"o","m","70+"
"141","bucks",3,148149,"w","m","Under.40"
"142","bucks",28,82174,"w","m","40.59"
"143","bucks",64,20257,"w","m","60.69"
"144","bucks",110,20349,"w","m","70+"
"145","butler",0,1268,"o","f","Under.40"
"146","butler",0,357,"o","f","40.59"
"147","butler",0,70,"o","f","60.69"
"148","butler",0,75,"o","f","70+"
"149","butler",1,45428,"w","f","Under.40"
"150","butler",8,23854,"w","f","40.59"
"151","butler",22,6577,"w","f","60.69"
"152","butler",40,11445,"w","f","70+"
"153","butler",0,1475,"o","m","Under.40"
"154","butler",0,393,"o","m","40.59"
"155","butler",0,86,"o","m","60.69"
"156","butler",3,57,"o","m","70+"
"157","butler",0,45957,"w","m","Under.40"
"158","butler",20,23705,"w","m","40.59"
"159","butler",25,6098,"w","m","60.69"
"160","butler",39,7238,"w","m","70+"
"161","cambria",0,1709,"o","f","Under.40"
"162","cambria",0,570,"o","f","40.59"
"163","cambria",0,178,"o","f","60.69"
"164","cambria",1,237,"o","f","70+"
"165","cambria",0,33975,"w","f","Under.40"
"166","cambria",7,20304,"w","f","40.59"
"167","cambria",8,7331,"w","f","60.69"
"168","cambria",25,14283,"w","f","70+"
"169","cambria",0,2582,"o","m","Under.40"
"170","cambria",0,886,"o","m","40.59"
"171","cambria",2,134,"o","m","60.69"
"172","cambria",0,119,"o","m","70+"
"173","cambria",0,35281,"w","m","Under.40"
"174","cambria",14,20407,"w","m","40.59"
"175","cambria",13,6060,"w","m","60.69"
"176","cambria",51,8542,"w","m","70+"
"177","cameron",0,28,"o","f","Under.40"
"178","cameron",0,6,"o","f","40.59"
"179","cameron",0,4,"o","f","60.69"
"180","cameron",0,0,"o","f","70+"
"181","cameron",0,1374,"w","f","Under.40"
"182","cameron",0,775,"w","f","40.59"
"183","cameron",2,299,"w","f","60.69"
"184","cameron",2,553,"w","f","70+"
"185","cameron",0,25,"o","m","Under.40"
"186","cameron",0,3,"o","m","40.59"
"187","cameron",0,3,"o","m","60.69"
"188","cameron",0,1,"o","m","70+"
"189","cameron",0,1446,"w","m","Under.40"
"190","cameron",1,845,"w","m","40.59"
"191","cameron",1,261,"w","m","60.69"
"192","cameron",2,351,"w","m","70+"
"193","carbon",0,409,"o","f","Under.40"
"194","carbon",0,147,"o","f","40.59"
"195","carbon",0,41,"o","f","60.69"
"196","carbon",0,13,"o","f","70+"
"197","carbon",0,13810,"w","f","Under.40"
"198","carbon",2,7948,"w","f","40.59"
"199","carbon",6,2866,"w","f","60.69"
"200","carbon",10,4935,"w","f","70+"
"201","carbon",0,463,"o","m","Under.40"
"202","carbon",0,146,"o","m","40.59"
"203","carbon",0,31,"o","m","60.69"
"204","carbon",1,32,"o","m","70+"
"205","carbon",0,14176,"w","m","Under.40"
"206","carbon",5,8085,"w","m","40.59"
"207","carbon",6,2569,"w","m","60.69"
"208","carbon",12,3131,"w","m","70+"
"209","centre",0,4447,"o","f","Under.40"
"210","centre",0,513,"o","f","40.59"
"211","centre",0,84,"o","f","60.69"
"212","centre",0,70,"o","f","70+"
"213","centre",0,37344,"w","f","Under.40"
"214","centre",7,13704,"w","f","40.59"
"215","centre",4,4318,"w","f","60.69"
"216","centre",10,5956,"w","f","70+"
"217","centre",0,5468,"o","m","Under.40"
"218","centre",1,887,"o","m","40.59"
"219","centre",0,90,"o","m","60.69"
"220","centre",0,65,"o","m","70+"
"221","centre",0,40765,"w","m","Under.40"
"222","centre",10,14060,"w","m","40.59"
"223","centre",10,3950,"w","m","60.69"
"224","centre",19,4037,"w","m","70+"
"225","chester",0,15602,"o","f","Under.40"
"226","chester",3,5186,"o","f","40.59"
"227","chester",3,1211,"o","f","60.69"
"228","chester",7,1353,"o","f","70+"
"229","chester",1,103685,"w","f","Under.40"
"230","chester",25,58711,"w","f","40.59"
"231","chester",25,14392,"w","f","60.69"
"232","chester",70,20622,"w","f","70+"
"233","chester",0,16235,"o","m","Under.40"
"234","chester",4,5153,"o","m","40.59"
"235","chester",7,1108,"o","m","60.69"
"236","chester",6,908,"o","m","70+"
"237","chester",1,104948,"w","m","Under.40"
"238","chester",22,57093,"w","m","40.59"
"239","chester",44,13493,"w","m","60.69"
"240","chester",73,13801,"w","m","70+"
"241","clarion",0,280,"o","f","Under.40"
"242","clarion",0,66,"o","f","40.59"
"243","clarion",0,13,"o","f","60.69"
"244","clarion",0,13,"o","f","70+"
"245","clarion",0,11382,"w","f","Under.40"
"246","clarion",3,5217,"w","f","40.59"
"247","clarion",2,1899,"w","f","60.69"
"248","clarion",9,2733,"w","f","70+"
"249","clarion",0,321,"o","m","Under.40"
"250","clarion",0,53,"o","m","40.59"
"251","clarion",0,16,"o","m","60.69"
"252","clarion",0,5,"o","m","70+"
"253","clarion",0,10997,"w","m","Under.40"
"254","clarion",1,5162,"w","m","40.59"
"255","clarion",8,1718,"w","m","60.69"
"256","clarion",9,1890,"w","m","70+"
"257","clearfield",0,285,"o","f","Under.40"
"258","clearfield",0,122,"o","f","40.59"
"259","clearfield",0,29,"o","f","60.69"
"260","clearfield",0,33,"o","f","70+"
"261","clearfield",0,19993,"w","f","Under.40"
"262","clearfield",6,10993,"w","f","40.59"
"263","clearfield",9,3946,"w","f","60.69"
"264","clearfield",18,6400,"w","f","70+"
"265","clearfield",0,1241,"o","m","Under.40"
"266","clearfield",1,388,"o","m","40.59"
"267","clearfield",0,43,"o","m","60.69"
"268","clearfield",0,23,"o","m","70+"
"269","clearfield",0,21077,"w","m","Under.40"
"270","clearfield",7,11245,"w","m","40.59"
"271","clearfield",9,3482,"w","m","60.69"
"272","clearfield",23,4082,"w","m","70+"
"273","clinton",0,216,"o","f","Under.40"
"274","clinton",0,48,"o","f","40.59"
"275","clinton",0,17,"o","f","60.69"
"276","clinton",0,20,"o","f","70+"
"277","clinton",0,9825,"w","f","Under.40"
"278","clinton",2,4823,"w","f","40.59"
"279","clinton",5,1758,"w","f","60.69"
"280","clinton",9,2818,"w","f","70+"
"281","clinton",0,273,"o","m","Under.40"
"282","clinton",0,54,"o","m","40.59"
"283","clinton",0,13,"o","m","60.69"
"284","clinton",0,9,"o","m","70+"
"285","clinton",0,9797,"w","m","Under.40"
"286","clinton",0,4764,"w","m","40.59"
"287","clinton",3,1603,"w","m","60.69"
"288","clinton",8,1876,"w","m","70+"
"289","columbia",0,535,"o","f","Under.40"
"290","columbia",0,125,"o","f","40.59"
"291","columbia",0,27,"o","f","60.69"
"292","columbia",0,22,"o","f","70+"
"293","columbia",0,16966,"w","f","Under.40"
"294","columbia",3,8446,"w","f","40.59"
"295","columbia",4,2810,"w","f","60.69"
"296","columbia",15,4697,"w","f","70+"
"297","columbia",0,661,"o","m","Under.40"
"298","columbia",0,133,"o","m","40.59"
"299","columbia",0,30,"o","m","60.69"
"300","columbia",0,16,"o","m","70+"
"301","columbia",0,16176,"w","m","Under.40"
"302","columbia",10,8112,"w","m","40.59"
"303","columbia",5,2494,"w","m","60.69"
"304","columbia",21,2901,"w","m","70+"
"305","crawford",0,1046,"o","f","Under.40"
"306","crawford",0,338,"o","f","40.59"
"307","crawford",0,64,"o","f","60.69"
"308","crawford",0,80,"o","f","70+"
"309","crawford",0,22638,"w","f","Under.40"
"310","crawford",6,12202,"w","f","40.59"
"311","crawford",8,3861,"w","f","60.69"
"312","crawford",16,6169,"w","f","70+"
"313","crawford",0,811,"o","m","Under.40"
"314","crawford",0,243,"o","m","40.59"
"315","crawford",0,73,"o","m","60.69"
"316","crawford",0,58,"o","m","70+"
"317","crawford",0,23261,"w","m","Under.40"
"318","crawford",5,11808,"w","m","40.59"
"319","crawford",18,3661,"w","m","60.69"
"320","crawford",21,4053,"w","m","70+"
"321","cumberland",0,3525,"o","f","Under.40"
"322","cumberland",2,1232,"o","f","40.59"
"323","cumberland",0,215,"o","f","60.69"
"324","cumberland",1,206,"o","f","70+"
"325","cumberland",1,52055,"w","f","Under.40"
"326","cumberland",13,28962,"w","f","40.59"
"327","cumberland",9,8860,"w","f","60.69"
"328","cumberland",38,14406,"w","f","70+"
"329","cumberland",0,4992,"o","m","Under.40"
"330","cumberland",0,1419,"o","m","40.59"
"331","cumberland",0,237,"o","m","60.69"
"332","cumberland",1,132,"o","m","70+"
"333","cumberland",1,52620,"w","m","Under.40"
"334","cumberland",14,28215,"w","m","40.59"
"335","cumberland",19,7787,"w","m","60.69"
"336","cumberland",33,8811,"w","m","70+"
"337","dauphin",1,19845,"o","f","Under.40"
"338","dauphin",4,6753,"o","f","40.59"
"339","dauphin",3,1677,"o","f","60.69"
"340","dauphin",5,1749,"o","f","70+"
"341","dauphin",0,47676,"w","f","Under.40"
"342","dauphin",10,29636,"w","f","40.59"
"343","dauphin",17,9051,"w","f","60.69"
"344","dauphin",31,14558,"w","f","70+"
"345","dauphin",0,18980,"o","m","Under.40"
"346","dauphin",5,6262,"o","m","40.59"
"347","dauphin",3,1338,"o","m","60.69"
"348","dauphin",4,1036,"o","m","70+"
"349","dauphin",1,48191,"w","m","Under.40"
"350","dauphin",15,28467,"w","m","40.59"
"351","dauphin",24,7685,"w","m","60.69"
"352","dauphin",45,8894,"w","m","70+"
"353","delaware",0,36951,"o","f","Under.40"
"354","delaware",11,13407,"o","f","40.59"
"355","delaware",9,3067,"o","f","60.69"
"356","delaware",22,3614,"o","f","70+"
"357","delaware",0,112258,"w","f","Under.40"
"358","delaware",31,62212,"w","f","40.59"
"359","delaware",41,19387,"w","f","60.69"
"360","delaware",121,37144,"w","f","70+"
"361","delaware",0,35854,"o","m","Under.40"
"362","delaware",9,10991,"o","m","40.59"
"363","delaware",5,2453,"o","m","60.69"
"364","delaware",17,2078,"o","m","70+"
"365","delaware",2,113799,"w","m","Under.40"
"366","delaware",43,59104,"w","m","40.59"
"367","delaware",51,16089,"w","m","60.69"
"368","delaware",123,22456,"w","m","70+"
"369","elk",0,126,"o","f","Under.40"
"370","elk",0,45,"o","f","40.59"
"371","elk",0,6,"o","f","60.69"
"372","elk",0,9,"o","f","70+"
"373","elk",0,8598,"w","f","Under.40"
"374","elk",1,4534,"w","f","40.59"
"375","elk",7,1713,"w","f","60.69"
"376","elk",4,2700,"w","f","70+"
"377","elk",0,119,"o","m","Under.40"
"378","elk",0,45,"o","m","40.59"
"379","elk",0,11,"o","m","60.69"
"380","elk",0,5,"o","m","70+"
"381","elk",0,9097,"w","m","Under.40"
"382","elk",5,4803,"w","m","40.59"
"383","elk",6,1515,"w","m","60.69"
"384","elk",8,1786,"w","m","70+"
"385","erie",0,8993,"o","f","Under.40"
"386","erie",1,2371,"o","f","40.59"
"387","erie",0,551,"o","f","60.69"
"388","erie",2,537,"o","f","70+"
"389","erie",0,67803,"w","f","Under.40"
"390","erie",20,34938,"w","f","40.59"
"391","erie",24,10368,"w","f","60.69"
"392","erie",71,18315,"w","f","70+"
"393","erie",0,9951,"o","m","Under.40"
"394","erie",4,2361,"o","m","40.59"
"395","erie",7,454,"o","m","60.69"
"396","erie",3,343,"o","m","70+"
"397","erie",2,69272,"w","m","Under.40"
"398","erie",18,34196,"w","m","40.59"
"399","erie",23,9031,"w","m","60.69"
"400","erie",56,11359,"w","m","70+"
"401","fayette",0,2152,"o","f","Under.40"
"402","fayette",1,837,"o","f","40.59"
"403","fayette",0,275,"o","f","60.69"
"404","fayette",4,423,"o","f","70+"
"405","fayette",0,34597,"w","f","Under.40"
"406","fayette",8,19926,"w","f","40.59"
"407","fayette",11,6922,"w","f","60.69"
"408","fayette",31,12376,"w","f","70+"
"409","fayette",0,2090,"o","m","Under.40"
"410","fayette",1,758,"o","m","40.59"
"411","fayette",1,212,"o","m","60.69"
"412","fayette",3,240,"o","m","70+"
"413","fayette",0,35060,"w","m","Under.40"
"414","fayette",12,19589,"w","m","40.59"
"415","fayette",26,5726,"w","m","60.69"
"416","fayette",52,7461,"w","m","70+"
"417","forest",0,23,"o","f","Under.40"
"418","forest",0,5,"o","f","40.59"
"419","forest",0,5,"o","f","60.69"
"420","forest",0,4,"o","f","70+"
"421","forest",0,915,"w","f","Under.40"
"422","forest",0,695,"w","f","40.59"
"423","forest",0,324,"w","f","60.69"
"424","forest",1,371,"w","f","70+"
"425","forest",0,153,"o","m","Under.40"
"426","forest",0,6,"o","m","40.59"
"427","forest",0,3,"o","m","60.69"
"428","forest",0,2,"o","m","70+"
"429","forest",0,1099,"w","m","Under.40"
"430","forest",0,689,"w","m","40.59"
"431","forest",0,334,"w","m","60.69"
"432","forest",3,318,"w","m","70+"
"433","franklin",0,2037,"o","f","Under.40"
"434","franklin",0,607,"o","f","40.59"
"435","franklin",1,155,"o","f","60.69"
"436","franklin",2,160,"o","f","70+"
"437","franklin",0,31642,"w","f","Under.40"
"438","franklin",9,17039,"w","f","40.59"
"439","franklin",8,5756,"w","f","60.69"
"440","franklin",22,9002,"w","f","70+"
"441","franklin",0,2188,"o","m","Under.40"
"442","franklin",0,640,"o","m","40.59"
"443","franklin",1,129,"o","m","60.69"
"444","franklin",1,118,"o","m","70+"
"445","franklin",0,32103,"w","m","Under.40"
"446","franklin",9,16489,"w","m","40.59"
"447","franklin",18,5297,"w","m","60.69"
"448","franklin",34,5951,"w","m","70+"
"449","fulton",0,96,"o","f","Under.40"
"450","fulton",0,25,"o","f","40.59"
"451","fulton",0,13,"o","f","60.69"
"452","fulton",0,10,"o","f","70+"
"453","fulton",0,3547,"w","f","Under.40"
"454","fulton",0,1907,"w","f","40.59"
"455","fulton",1,682,"w","f","60.69"
"456","fulton",2,848,"w","f","70+"
"457","fulton",0,72,"o","m","Under.40"
"458","fulton",0,26,"o","m","40.59"
"459","fulton",0,6,"o","m","60.69"
"460","fulton",0,1,"o","m","70+"
"461","fulton",0,3800,"w","m","Under.40"
"462","fulton",1,1967,"w","m","40.59"
"463","fulton",4,667,"w","m","60.69"
"464","fulton",3,594,"w","m","70+"
"465","greene",0,169,"o","f","Under.40"
"466","greene",0,74,"o","f","40.59"
"467","greene",0,21,"o","f","60.69"
"468","greene",0,34,"o","f","70+"
"469","greene",0,9594,"w","f","Under.40"
"470","greene",4,5366,"w","f","40.59"
"471","greene",4,1654,"w","f","60.69"
"472","greene",5,2809,"w","f","70+"
"473","greene",0,1284,"o","m","Under.40"
"474","greene",0,386,"o","m","40.59"
"475","greene",0,24,"o","m","60.69"
"476","greene",0,15,"o","m","70+"
"477","greene",0,10392,"w","m","Under.40"
"478","greene",6,5600,"w","m","40.59"
"479","greene",7,1449,"w","m","60.69"
"480","greene",12,1801,"w","m","70+"
"481","huntingdon",0,318,"o","f","Under.40"
"482","huntingdon",0,106,"o","f","40.59"
"483","huntingdon",0,33,"o","f","60.69"
"484","huntingdon",0,31,"o","f","70+"
"485","huntingdon",0,10587,"w","f","Under.40"
"486","huntingdon",2,5720,"w","f","40.59"
"487","huntingdon",1,2052,"w","f","60.69"
"488","huntingdon",6,2897,"w","f","70+"
"489","huntingdon",0,1921,"o","m","Under.40"
"490","huntingdon",0,576,"o","m","40.59"
"491","huntingdon",0,33,"o","m","60.69"
"492","huntingdon",0,24,"o","m","70+"
"493","huntingdon",0,11549,"w","m","Under.40"
"494","huntingdon",3,5980,"w","m","40.59"
"495","huntingdon",5,1891,"w","m","60.69"
"496","huntingdon",9,1868,"w","m","70+"
"497","indiana",0,1109,"o","f","Under.40"
"498","indiana",0,199,"o","f","40.59"
"499","indiana",0,41,"o","f","60.69"
"500","indiana",0,53,"o","f","70+"
"501","indiana",0,23635,"w","f","Under.40"
"502","indiana",7,11396,"w","f","40.59"
"503","indiana",7,3615,"w","f","60.69"
"504","indiana",14,6135,"w","f","70+"
"505","indiana",0,1106,"o","m","Under.40"
"506","indiana",1,213,"o","m","40.59"
"507","indiana",1,41,"o","m","60.69"
"508","indiana",0,47,"o","m","70+"
"509","indiana",0,23478,"w","m","Under.40"
"510","indiana",6,11400,"w","m","40.59"
"511","indiana",13,3255,"w","m","60.69"
"512","indiana",21,3882,"w","m","70+"
"513","jefferson",0,146,"o","f","Under.40"
"514","jefferson",0,51,"o","f","40.59"
"515","jefferson",0,16,"o","f","60.69"
"516","jefferson",0,23,"o","f","70+"
"517","jefferson",0,11104,"w","f","Under.40"
"518","jefferson",4,6170,"w","f","40.59"
"519","jefferson",2,2206,"w","f","60.69"
"520","jefferson",10,3751,"w","f","70+"
"521","jefferson",0,157,"o","m","Under.40"
"522","jefferson",0,60,"o","m","40.59"
"523","jefferson",0,7,"o","m","60.69"
"524","jefferson",0,15,"o","m","70+"
"525","jefferson",0,11676,"w","m","Under.40"
"526","jefferson",2,6102,"w","m","40.59"
"527","jefferson",8,2022,"w","m","60.69"
"528","jefferson",8,2426,"w","m","70+"
"529","juniata",0,161,"o","f","Under.40"
"530","juniata",0,38,"o","f","40.59"
"531","juniata",0,4,"o","f","60.69"
"532","juniata",0,3,"o","f","70+"
"533","juniata",0,5755,"w","f","Under.40"
"534","juniata",0,2932,"w","f","40.59"
"535","juniata",1,1078,"w","f","60.69"
"536","juniata",3,1497,"w","f","70+"
"537","juniata",0,180,"o","m","Under.40"
"538","juniata",0,46,"o","m","40.59"
"539","juniata",0,8,"o","m","60.69"
"540","juniata",0,5,"o","m","70+"
"541","juniata",0,6090,"w","m","Under.40"
"542","juniata",0,3039,"w","m","40.59"
"543","juniata",1,994,"w","m","60.69"
"544","juniata",1,991,"w","m","70+"
"545","lackawanna",0,2506,"o","f","Under.40"
"546","lackawanna",0,594,"o","f","40.59"
"547","lackawanna",0,111,"o","f","60.69"
"548","lackawanna",0,117,"o","f","70+"
"549","lackawanna",0,50214,"w","f","Under.40"
"550","lackawanna",11,28179,"w","f","40.59"
"551","lackawanna",17,10190,"w","f","60.69"
"552","lackawanna",35,20770,"w","f","70+"
"553","lackawanna",0,2872,"o","m","Under.40"
"554","lackawanna",0,705,"o","m","40.59"
"555","lackawanna",0,140,"o","m","60.69"
"556","lackawanna",1,90,"o","m","70+"
"557","lackawanna",0,50019,"w","m","Under.40"
"558","lackawanna",18,27137,"w","m","40.59"
"559","lackawanna",31,8434,"w","m","60.69"
"560","lackawanna",68,11217,"w","m","70+"
"561","lancaster",0,14869,"o","f","Under.40"
"562","lancaster",1,3748,"o","f","40.59"
"563","lancaster",2,690,"o","f","60.69"
"564","lancaster",7,636,"o","f","70+"
"565","lancaster",2,116127,"w","f","Under.40"
"566","lancaster",18,58287,"w","f","40.59"
"567","lancaster",31,17642,"w","f","60.69"
"568","lancaster",66,29205,"w","f","70+"
"569","lancaster",0,15347,"o","m","Under.40"
"570","lancaster",3,3885,"o","m","40.59"
"571","lancaster",0,623,"o","m","60.69"
"572","lancaster",1,404,"o","m","70+"
"573","lancaster",2,117881,"w","m","Under.40"
"574","lancaster",31,56310,"w","m","40.59"
"575","lancaster",50,15903,"w","m","60.69"
"576","lancaster",87,19101,"w","m","70+"
"577","lawrence",0,1653,"o","f","Under.40"
"578","lawrence",0,483,"o","f","40.59"
"579","lawrence",3,128,"o","f","60.69"
"580","lawrence",2,175,"o","f","70+"
"581","lawrence",1,21617,"w","f","Under.40"
"582","lawrence",5,12604,"w","f","40.59"
"583","lawrence",6,4495,"w","f","60.69"
"584","lawrence",19,8494,"w","f","70+"
"585","lawrence",0,1671,"o","m","Under.40"
"586","lawrence",1,424,"o","m","40.59"
"587","lawrence",1,108,"o","m","60.69"
"588","lawrence",0,107,"o","m","70+"
"589","lawrence",0,21637,"w","m","Under.40"
"590","lawrence",6,12083,"w","m","40.59"
"591","lawrence",6,3785,"w","m","60.69"
"592","lawrence",26,5179,"w","m","70+"
"593","lebanon",0,2338,"o","f","Under.40"
"594","lebanon",1,625,"o","f","40.59"
"595","lebanon",0,115,"o","f","60.69"
"596","lebanon",0,96,"o","f","70+"
"597","lebanon",0,28490,"w","f","Under.40"
"598","lebanon",3,15917,"w","f","40.59"
"599","lebanon",3,5234,"w","f","60.69"
"600","lebanon",20,8902,"w","f","70+"
"601","lebanon",0,2550,"o","m","Under.40"
"602","lebanon",1,753,"o","m","40.59"
"603","lebanon",0,110,"o","m","60.69"
"604","lebanon",0,78,"o","m","70+"
"605","lebanon",0,29202,"w","m","Under.40"
"606","lebanon",11,15597,"w","m","40.59"
"607","lebanon",9,4705,"w","m","60.69"
"608","lebanon",29,5615,"w","m","70+"
"609","lehigh",0,15262,"o","f","Under.40"
"610","lehigh",2,3823,"o","f","40.59"
"611","lehigh",3,692,"o","f","60.69"
"612","lehigh",2,503,"o","f","70+"
"613","lehigh",1,66471,"w","f","Under.40"
"614","lehigh",18,39593,"w","f","40.59"
"615","lehigh",28,12438,"w","f","60.69"
"616","lehigh",63,22754,"w","f","70+"
"617","lehigh",0,15585,"o","m","Under.40"
"618","lehigh",3,3743,"o","m","40.59"
"619","lehigh",0,554,"o","m","60.69"
"620","lehigh",1,338,"o","m","70+"
"621","lehigh",0,67459,"w","m","Under.40"
"622","lehigh",22,38246,"w","m","40.59"
"623","lehigh",39,10906,"w","m","60.69"
"624","lehigh",70,13723,"w","m","70+"
"625","luzerne",0,3132,"o","f","Under.40"
"626","luzerne",0,826,"o","f","40.59"
"627","luzerne",0,170,"o","f","60.69"
"628","luzerne",0,183,"o","f","70+"
"629","luzerne",1,72422,"w","f","Under.40"
"630","luzerne",22,42128,"w","f","40.59"
"631","luzerne",31,15526,"w","f","60.69"
"632","luzerne",54,31068,"w","f","70+"
"633","luzerne",0,4703,"o","m","Under.40"
"634","luzerne",0,1452,"o","m","40.59"
"635","luzerne",2,196,"o","m","60.69"
"636","luzerne",0,112,"o","m","70+"
"637","luzerne",0,75392,"w","m","Under.40"
"638","luzerne",27,41779,"w","m","40.59"
"639","luzerne",44,13204,"w","m","60.69"
"640","luzerne",104,16957,"w","m","70+"
"641","lycoming",0,2646,"o","f","Under.40"
"642","lycoming",2,780,"o","f","40.59"
"643","lycoming",0,126,"o","f","60.69"
"644","lycoming",0,123,"o","f","70+"
"645","lycoming",0,28103,"w","f","Under.40"
"646","lycoming",9,15712,"w","f","40.59"
"647","lycoming",9,5201,"w","f","60.69"
"648","lycoming",24,8671,"w","f","70+"
"649","lycoming",0,2704,"o","m","Under.40"
"650","lycoming",0,751,"o","m","40.59"
"651","lycoming",0,98,"o","m","60.69"
"652","lycoming",0,79,"o","m","70+"
"653","lycoming",1,29628,"w","m","Under.40"
"654","lycoming",8,15319,"w","m","40.59"
"655","lycoming",20,4630,"w","m","60.69"
"656","lycoming",25,5473,"w","m","70+"
"657","mckean",0,202,"o","f","Under.40"
"658","mckean",0,78,"o","f","40.59"
"659","mckean",0,26,"o","f","60.69"
"660","mckean",2,20,"o","f","70+"
"661","mckean",0,11188,"w","f","Under.40"
"662","mckean",6,5866,"w","f","40.59"
"663","mckean",3,2119,"w","f","60.69"
"664","mckean",7,3424,"w","f","70+"
"665","mckean",0,970,"o","m","Under.40"
"666","mckean",0,289,"o","m","40.59"
"667","mckean",0,23,"o","m","60.69"
"668","mckean",0,16,"o","m","70+"
"669","mckean",0,11554,"w","m","Under.40"
"670","mckean",2,6046,"w","m","40.59"
"671","mckean",4,1848,"w","m","60.69"
"672","mckean",11,2267,"w","m","70+"
"673","mercer",0,2623,"o","f","Under.40"
"674","mercer",0,899,"o","f","40.59"
"675","mercer",1,292,"o","f","60.69"
"676","mercer",0,308,"o","f","70+"
"677","mercer",0,27149,"w","f","Under.40"
"678","mercer",6,15355,"w","f","40.59"
"679","mercer",11,5429,"w","f","60.69"
"680","mercer",22,9715,"w","f","70+"
"681","mercer",0,2813,"o","m","Under.40"
"682","mercer",1,905,"o","m","40.59"
"683","mercer",1,213,"o","m","60.69"
"684","mercer",1,209,"o","m","70+"
"685","mercer",0,28257,"w","m","Under.40"
"686","mercer",8,15125,"w","m","40.59"
"687","mercer",21,4741,"w","m","60.69"
"688","mercer",26,6260,"w","m","70+"
"689","mifflin",0,254,"o","f","Under.40"
"690","mifflin",0,52,"o","f","40.59"
"691","mifflin",0,15,"o","f","60.69"
"692","mifflin",0,12,"o","f","70+"
"693","mifflin",1,11702,"w","f","Under.40"
"694","mifflin",10,6151,"w","f","40.59"
"695","mifflin",4,2279,"w","f","60.69"
"696","mifflin",12,3601,"w","f","70+"
"697","mifflin",0,262,"o","m","Under.40"
"698","mifflin",0,69,"o","m","40.59"
"699","mifflin",0,8,"o","m","60.69"
"700","mifflin",0,11,"o","m","70+"
"701","mifflin",0,11882,"w","m","Under.40"
"702","mifflin",3,5969,"w","m","40.59"
"703","mifflin",6,2050,"w","m","60.69"
"704","mifflin",9,2169,"w","m","70+"
"705","monroe",0,5668,"o","f","Under.40"
"706","monroe",0,2046,"o","f","40.59"
"707","monroe",0,323,"o","f","60.69"
"708","monroe",1,259,"o","f","70+"
"709","monroe",0,32500,"w","f","Under.40"
"710","monroe",13,17679,"w","f","40.59"
"711","monroe",10,5185,"w","f","60.69"
"712","monroe",18,6537,"w","f","70+"
"713","monroe",0,5522,"o","m","Under.40"
"714","monroe",1,2019,"o","m","40.59"
"715","monroe",2,336,"o","m","60.69"
"716","monroe",0,172,"o","m","70+"
"717","monroe",1,32710,"w","m","Under.40"
"718","monroe",11,17796,"w","m","40.59"
"719","monroe",19,5028,"w","m","60.69"
"720","monroe",34,4907,"w","m","70+"
"721","montgomery",0,32576,"o","f","Under.40"
"722","montgomery",7,12737,"o","f","40.59"
"723","montgomery",10,2849,"o","f","60.69"
"724","montgomery",10,2888,"o","f","70+"
"725","montgomery",1,165368,"w","f","Under.40"
"726","montgomery",37,94388,"w","f","40.59"
"727","montgomery",58,28071,"w","f","60.69"
"728","montgomery",160,48666,"w","f","70+"
"729","montgomery",0,33680,"o","m","Under.40"
"730","montgomery",2,12440,"o","m","40.59"
"731","montgomery",10,2753,"o","m","60.69"
"732","montgomery",10,1664,"o","m","70+"
"733","montgomery",2,167021,"w","m","Under.40"
"734","montgomery",43,90072,"w","m","40.59"
"735","montgomery",68,24125,"w","m","60.69"
"736","montgomery",181,30799,"w","m","70+"
"737","montour",0,216,"o","f","Under.40"
"738","montour",0,52,"o","f","40.59"
"739","montour",0,8,"o","f","60.69"
"740","montour",0,6,"o","f","70+"
"741","montour",0,4417,"w","f","Under.40"
"742","montour",0,2512,"w","f","40.59"
"743","montour",1,861,"w","f","60.69"
"744","montour",4,1503,"w","f","70+"
"745","montour",0,252,"o","m","Under.40"
"746","montour",0,56,"o","m","40.59"
"747","montour",0,13,"o","m","60.69"
"748","montour",0,5,"o","m","70+"
"749","montour",0,4314,"w","m","Under.40"
"750","montour",0,2444,"w","m","40.59"
"751","montour",2,752,"w","m","60.69"
"752","montour",1,825,"w","m","70+"
"753","northampton",0,8455,"o","f","Under.40"
"754","northampton",1,2376,"o","f","40.59"
"755","northampton",0,473,"o","f","60.69"
"756","northampton",1,470,"o","f","70+"
"757","northampton",0,60412,"w","f","Under.40"
"758","northampton",23,35347,"w","f","40.59"
"759","northampton",25,10555,"w","f","60.69"
"760","northampton",52,19017,"w","f","70+"
"761","northampton",0,8688,"o","m","Under.40"
"762","northampton",0,2277,"o","m","40.59"
"763","northampton",1,418,"o","m","60.69"
"764","northampton",1,270,"o","m","70+"
"765","northampton",1,62522,"w","m","Under.40"
"766","northampton",25,34337,"w","m","40.59"
"767","northampton",26,9365,"w","m","60.69"
"768","northampton",80,12084,"w","m","70+"
"769","northumberland",0,572,"o","f","Under.40"
"770","northumberland",0,169,"o","f","40.59"
"771","northumberland",0,35,"o","f","60.69"
"772","northumberland",0,49,"o","f","70+"
"773","northumberland",0,21371,"w","f","Under.40"
"774","northumberland",6,12626,"w","f","40.59"
"775","northumberland",9,4628,"w","f","60.69"
"776","northumberland",16,8731,"w","f","70+"
"777","northumberland",0,1505,"o","m","Under.40"
"778","northumberland",0,374,"o","m","40.59"
"779","northumberland",0,30,"o","m","60.69"
"780","northumberland",0,19,"o","m","70+"
"781","northumberland",1,22689,"w","m","Under.40"
"782","northumberland",6,12617,"w","m","40.59"
"783","northumberland",16,4151,"w","m","60.69"
"784","northumberland",29,4990,"w","m","70+"
"785","perry",0,196,"o","f","Under.40"
"786","perry",0,63,"o","f","40.59"
"787","perry",0,12,"o","f","60.69"
"788","perry",0,8,"o","f","70+"
"789","perry",0,11516,"w","f","Under.40"
"790","perry",4,6304,"w","f","40.59"
"791","perry",6,1697,"w","f","60.69"
"792","perry",7,2186,"w","f","70+"
"793","perry",0,279,"o","m","Under.40"
"794","perry",0,65,"o","m","40.59"
"795","perry",0,10,"o","m","60.69"
"796","perry",0,5,"o","m","70+"
"797","perry",0,11613,"w","m","Under.40"
"798","perry",5,6445,"w","m","40.59"
"799","perry",2,1668,"w","m","60.69"
"800","perry",7,1535,"w","m","70+"
"801","philadelphia",2,278613,"o","f","Under.40"
"802","philadelphia",74,106060,"o","f","40.59"
"803","philadelphia",80,31213,"o","f","60.69"
"804","philadelphia",130,37060,"o","f","70+"
"805","philadelphia",2,173685,"w","f","Under.40"
"806","philadelphia",79,87745,"w","f","40.59"
"807","philadelphia",86,32477,"w","f","60.69"
"808","philadelphia",235,65590,"w","f","70+"
"809","philadelphia",2,257128,"o","m","Under.40"
"810","philadelphia",77,82346,"o","m","40.59"
"811","philadelphia",81,21828,"o","m","60.69"
"812","philadelphia",139,20035,"o","m","70+"
"813","philadelphia",2,177587,"w","m","Under.40"
"814","philadelphia",82,82728,"w","m","40.59"
"815","philadelphia",108,26540,"w","m","60.69"
"816","philadelphia",236,36915,"w","m","70+"
"817","pike",0,982,"o","f","Under.40"
"818","pike",0,478,"o","f","40.59"
"819","pike",0,78,"o","f","60.69"
"820","pike",0,68,"o","f","70+"
"821","pike",0,10728,"w","f","Under.40"
"822","pike",6,6216,"w","f","40.59"
"823","pike",5,2263,"w","f","60.69"
"824","pike",9,2415,"w","f","70+"
"825","pike",0,993,"o","m","Under.40"
"826","pike",1,460,"o","m","40.59"
"827","pike",0,81,"o","m","60.69"
"828","pike",1,53,"o","m","70+"
"829","pike",0,10807,"w","m","Under.40"
"830","pike",1,6226,"w","m","40.59"
"831","pike",6,2245,"w","m","60.69"
"832","pike",6,2209,"w","m","70+"
"833","potter",0,118,"o","f","Under.40"
"834","potter",0,40,"o","f","40.59"
"835","potter",0,10,"o","f","60.69"
"836","potter",1,12,"o","f","70+"
"837","potter",0,4469,"w","f","Under.40"
"838","potter",3,2373,"w","f","40.59"
"839","potter",2,848,"w","f","60.69"
"840","potter",3,1290,"w","f","70+"
"841","potter",0,108,"o","m","Under.40"
"842","potter",0,39,"o","m","40.59"
"843","potter",1,17,"o","m","60.69"
"844","potter",2,7,"o","m","70+"
"845","potter",0,4598,"w","m","Under.40"
"846","potter",5,2433,"w","m","40.59"
"847","potter",3,830,"w","m","60.69"
"848","potter",2,888,"w","m","70+"
"849","schuylkill",0,827,"o","f","Under.40"
"850","schuylkill",0,253,"o","f","40.59"
"851","schuylkill",0,49,"o","f","60.69"
"852","schuylkill",0,71,"o","f","70+"
"853","schuylkill",0,33246,"w","f","Under.40"
"854","schuylkill",12,19492,"w","f","40.59"
"855","schuylkill",11,7247,"w","f","60.69"
"856","schuylkill",32,14333,"w","f","70+"
"857","schuylkill",0,2945,"o","m","Under.40"
"858","schuylkill",0,825,"o","m","40.59"
"859","schuylkill",0,68,"o","m","60.69"
"860","schuylkill",1,49,"o","m","70+"
"861","schuylkill",0,35903,"w","m","Under.40"
"862","schuylkill",14,20190,"w","m","40.59"
"863","schuylkill",20,6385,"w","m","60.69"
"864","schuylkill",46,8453,"w","m","70+"
"865","snyder",0,265,"o","f","Under.40"
"866","snyder",0,60,"o","f","40.59"
"867","snyder",0,19,"o","f","60.69"
"868","snyder",0,9,"o","f","70+"
"869","snyder",0,10015,"w","f","Under.40"
"870","snyder",2,4928,"w","f","40.59"
"871","snyder",5,1612,"w","f","60.69"
"872","snyder",3,2286,"w","f","70+"
"873","snyder",0,291,"o","m","Under.40"
"874","snyder",0,114,"o","m","40.59"
"875","snyder",0,8,"o","m","60.69"
"876","snyder",0,12,"o","m","70+"
"877","snyder",0,10058,"w","m","Under.40"
"878","snyder",2,4892,"w","m","40.59"
"879","snyder",3,1455,"w","m","60.69"
"880","snyder",13,1522,"w","m","70+"
"881","somerset",0,225,"o","f","Under.40"
"882","somerset",0,77,"o","f","40.59"
"883","somerset",0,24,"o","f","60.69"
"884","somerset",0,20,"o","f","70+"
"885","somerset",0,18583,"w","f","Under.40"
"886","somerset",3,10632,"w","f","40.59"
"887","somerset",4,3860,"w","f","60.69"
"888","somerset",13,6635,"w","f","70+"
"889","somerset",0,1333,"o","m","Under.40"
"890","somerset",0,337,"o","m","40.59"
"891","somerset",0,44,"o","m","60.69"
"892","somerset",1,25,"o","m","70+"
"893","somerset",1,19554,"w","m","Under.40"
"894","somerset",6,11040,"w","m","40.59"
"895","somerset",9,3394,"w","m","60.69"
"896","somerset",17,4240,"w","m","70+"
"897","sullivan",0,91,"o","f","Under.40"
"898","sullivan",0,13,"o","f","40.59"
"899","sullivan",0,4,"o","f","60.69"
"900","sullivan",0,3,"o","f","70+"
"901","sullivan",0,1318,"w","f","Under.40"
"902","sullivan",0,855,"w","f","40.59"
"903","sullivan",0,383,"w","f","60.69"
"904","sullivan",2,577,"w","f","70+"
"905","sullivan",0,162,"o","m","Under.40"
"906","sullivan",0,6,"o","m","40.59"
"907","sullivan",0,5,"o","m","60.69"
"908","sullivan",0,6,"o","m","70+"
"909","sullivan",0,1388,"w","m","Under.40"
"910","sullivan",0,876,"w","m","40.59"
"911","sullivan",0,395,"w","m","60.69"
"912","sullivan",1,474,"w","m","70+"
"913","susquehanna",0,175,"o","f","Under.40"
"914","susquehanna",0,89,"o","f","40.59"
"915","susquehanna",0,15,"o","f","60.69"
"916","susquehanna",0,21,"o","f","70+"
"917","susquehanna",0,10365,"w","f","Under.40"
"918","susquehanna",8,5883,"w","f","40.59"
"919","susquehanna",2,1920,"w","f","60.69"
"920","susquehanna",6,2767,"w","f","70+"
"921","susquehanna",0,199,"o","m","Under.40"
"922","susquehanna",0,87,"o","m","40.59"
"923","susquehanna",0,18,"o","m","60.69"
"924","susquehanna",0,13,"o","m","70+"
"925","susquehanna",2,10742,"w","m","Under.40"
"926","susquehanna",6,6029,"w","m","40.59"
"927","susquehanna",3,1955,"w","m","60.69"
"928","susquehanna",7,1960,"w","m","70+"
"929","tioga",0,279,"o","f","Under.40"
"930","tioga",0,83,"o","f","40.59"
"931","tioga",0,19,"o","f","60.69"
"932","tioga",0,14,"o","f","70+"
"933","tioga",1,10556,"w","f","Under.40"
"934","tioga",1,5491,"w","f","40.59"
"935","tioga",1,1956,"w","f","60.69"
"936","tioga",7,2722,"w","f","70+"
"937","tioga",0,293,"o","m","Under.40"
"938","tioga",0,66,"o","m","40.59"
"939","tioga",0,21,"o","m","60.69"
"940","tioga",0,9,"o","m","70+"
"941","tioga",0,10513,"w","m","Under.40"
"942","tioga",2,5377,"w","m","40.59"
"943","tioga",6,1977,"w","m","60.69"
"944","tioga",10,1997,"w","m","70+"
"945","union",0,477,"o","f","Under.40"
"946","union",0,75,"o","f","40.59"
"947","union",0,23,"o","f","60.69"
"948","union",0,14,"o","f","70+"
"949","union",0,9382,"w","f","Under.40"
"950","union",3,4570,"w","f","40.59"
"951","union",0,1488,"w","f","60.69"
"952","union",6,2559,"w","f","70+"
"953","union",0,2630,"o","m","Under.40"
"954","union",2,836,"o","m","40.59"
"955","union",0,56,"o","m","60.69"
"956","union",0,17,"o","m","70+"
"957","union",1,11170,"w","m","Under.40"
"958","union",3,5267,"w","m","40.59"
"959","union",4,1464,"w","m","60.69"
"960","union",9,1596,"w","m","70+"
"961","venango",0,412,"o","f","Under.40"
"962","venango",0,131,"o","f","40.59"
"963","venango",0,39,"o","f","60.69"
"964","venango",0,24,"o","f","70+"
"965","venango",0,13629,"w","f","Under.40"
"966","venango",1,8152,"w","f","40.59"
"967","venango",7,2851,"w","f","60.69"
"968","venango",15,4224,"w","f","70+"
"969","venango",0,575,"o","m","Under.40"
"970","venango",0,121,"o","m","40.59"
"971","venango",1,33,"o","m","60.69"
"972","venango",1,22,"o","m","70+"
"973","venango",0,13992,"w","m","Under.40"
"974","venango",3,8116,"w","m","40.59"
"975","venango",18,2459,"w","m","60.69"
"976","venango",24,2785,"w","m","70+"
"977","warren",0,165,"o","f","Under.40"
"978","warren",0,77,"o","f","40.59"
"979","warren",0,13,"o","f","60.69"
"980","warren",0,15,"o","f","70+"
"981","warren",0,10397,"w","f","Under.40"
"982","warren",4,6362,"w","f","40.59"
"983","warren",1,2150,"w","f","60.69"
"984","warren",8,3178,"w","f","70+"
"985","warren",0,185,"o","m","Under.40"
"986","warren",0,89,"o","m","40.59"
"987","warren",0,21,"o","m","60.69"
"988","warren",0,12,"o","m","70+"
"989","warren",0,10805,"w","m","Under.40"
"990","warren",3,6278,"w","m","40.59"
"991","warren",6,1983,"w","m","60.69"
"992","warren",13,2133,"w","m","70+"
"993","washington",0,2992,"o","f","Under.40"
"994","washington",1,1060,"o","f","40.59"
"995","washington",0,346,"o","f","60.69"
"996","washington",1,510,"o","f","70+"
"997","washington",0,46096,"w","f","Under.40"
"998","washington",13,28549,"w","f","40.59"
"999","washington",19,9454,"w","f","60.69"
"1000","washington",51,16444,"w","f","70+"
"1001","washington",0,3011,"o","m","Under.40"
"1002","washington",1,1064,"o","m","40.59"
"1003","washington",1,289,"o","m","60.69"
"1004","washington",1,328,"o","m","70+"
"1005","washington",0,46753,"w","m","Under.40"
"1006","washington",27,27667,"w","m","40.59"
"1007","washington",22,7995,"w","m","60.69"
"1008","washington",57,10339,"w","m","70+"
"1009","wayne",0,300,"o","f","Under.40"
"1010","wayne",0,149,"o","f","40.59"
"1011","wayne",0,37,"o","f","60.69"
"1012","wayne",0,29,"o","f","70+"
"1013","wayne",0,10905,"w","f","Under.40"
"1014","wayne",4,6444,"w","f","40.59"
"1015","wayne",10,2476,"w","f","60.69"
"1016","wayne",5,3440,"w","f","70+"
"1017","wayne",0,627,"o","m","Under.40"
"1018","wayne",1,341,"o","m","40.59"
"1019","wayne",0,52,"o","m","60.69"
"1020","wayne",1,27,"o","m","70+"
"1021","wayne",1,11422,"w","m","Under.40"
"1022","wayne",7,6693,"w","m","40.59"
"1023","wayne",6,2304,"w","m","60.69"
"1024","wayne",10,2476,"w","m","70+"
"1025","westmoreland",0,3854,"o","f","Under.40"
"1026","westmoreland",2,1463,"o","f","40.59"
"1027","westmoreland",0,353,"o","f","60.69"
"1028","westmoreland",1,461,"o","f","70+"
"1029","westmoreland",1,83250,"w","f","Under.40"
"1030","westmoreland",25,53392,"w","f","40.59"
"1031","westmoreland",29,18104,"w","f","60.69"
"1032","westmoreland",101,30681,"w","f","70+"
"1033","westmoreland",0,4405,"o","m","Under.40"
"1034","westmoreland",4,1545,"o","m","40.59"
"1035","westmoreland",2,311,"o","m","60.69"
"1036","westmoreland",4,276,"o","m","70+"
"1037","westmoreland",1,85209,"w","m","Under.40"
"1038","westmoreland",31,51605,"w","m","40.59"
"1039","westmoreland",52,15349,"w","m","60.69"
"1040","westmoreland",119,19735,"w","m","70+"
"1041","wyoming",0,157,"o","f","Under.40"
"1042","wyoming",0,50,"o","f","40.59"
"1043","wyoming",0,6,"o","f","60.69"
"1044","wyoming",0,7,"o","f","70+"
"1045","wyoming",0,7198,"w","f","Under.40"
"1046","wyoming",0,3953,"w","f","40.59"
"1047","wyoming",1,1084,"w","f","60.69"
"1048","wyoming",3,1686,"w","f","70+"
"1049","wyoming",0,207,"o","m","Under.40"
"1050","wyoming",0,49,"o","m","40.59"
"1051","wyoming",0,5,"o","m","60.69"
"1052","wyoming",0,1,"o","m","70+"
"1053","wyoming",0,7465,"w","m","Under.40"
"1054","wyoming",2,4072,"w","m","40.59"
"1055","wyoming",4,1115,"w","m","60.69"
"1056","wyoming",4,1025,"w","m","70+"
"1057","york",0,9875,"o","f","Under.40"
"1058","york",2,2803,"o","f","40.59"
"1059","york",4,567,"o","f","60.69"
"1060","york",1,511,"o","f","70+"
"1061","york",2,91628,"w","f","Under.40"
"1062","york",19,51713,"w","f","40.59"
"1063","york",31,14891,"w","f","60.69"
"1064","york",59,22096,"w","f","70+"
"1065","york",0,10234,"o","m","Under.40"
"1066","york",5,2826,"o","m","40.59"
"1067","york",1,513,"o","m","60.69"
"1068","york",1,319,"o","m","70+"
"1069","york",0,93689,"w","m","Under.40"
"1070","york",30,51757,"w","m","40.59"
"1071","york",40,13863,"w","m","60.69"
"1072","york",84,14466,"w","m","70+"
